{"cameraMode":{"drawMode":0,"name":"Shaded","section":"Shading Mode"},"sceneLighting":false,"audioPlay":false,"sceneViewState":{"showFog":true,"showMaterialUpdate":false,"showSkybox":false,"showFlares":true,"showImageEffects":true,"showParticleSystems":true},"in2DMode":false,"pivot":{"x":0.13999998569488526,"y":0.5,"z":-0.28999996185302737},"rotation":{"x":0.2632584869861603,"y":0.001447091344743967,"z":-0.0003948880184907466,"w":0.9647248387336731},"size":2.8578836917877199,"orthographic":false}