{"cameraMode":{"drawMode":0,"name":"Shaded","section":"Shading Mode"},"sceneLighting":false,"audioPlay":false,"sceneViewState":{"showFog":true,"showMaterialUpdate":false,"showSkybox":false,"showFlares":true,"showImageEffects":true,"showParticleSystems":true},"in2DMode":false,"pivot":{"x":-11.318525314331055,"y":3.5482873916625978,"z":0.9645652770996094},"rotation":{"x":0.337621808052063,"y":-0.05502288043498993,"z":0.01976989023387432,"w":0.9394755363464356},"size":35.51093673706055,"orthographic":false}